Cluster,Recency,Frequency,Monetary
0,43.7026850032744,3.682711198428291,1359.0492838899802
1,248.0759137769447,1.5520149953139644,480.6174798500469
2,7.384615384615385,82.53846153846153,127338.31384615385
3,15.5,22.333333333333332,12709.090490196078
